route_id,num_stops,nn_time_seconds,nn_violations,algo_time_seconds,algo_violations,actual_time_seconds,actual_violations,algo_passes_run
RouteID_a0cc48df-4770-4eb9-8062-c1fd0882ce17,145,29671.8,1,29555.6,0,28875.9,2,3
RouteID_53b67b27-6f23-4a88-8d61-deab85fe3a9d,170,28547.2,0,26953.1,0,27763.3,0,7
RouteID_ed832636-5ecd-49e0-aa53-605c824c80c3,132,28928.6,2,27035.6,0,28403.3,0,5
RouteID_7419a5ec-c467-4dc4-8602-329c06584580,164,28022.0,0,25500.8,0,26442.5,0,4
RouteID_925539d2-b772-40a5-9e5e-276317602149,183,26981.5,0,25877.6,0,25677.3,0,5
RouteID_c8ffd5fd-3bd1-409e-9a4d-c7c930127ae9,177,26272.9,0,24596.1,0,24951.0,0,4
RouteID_49961695-52b0-4efd-b85c-690a056f7de6,94,30625.8,5,31128.5,0,30030.5,3,2
RouteID_d5f328d5-8017-4fdd-aa63-783642765cc3,79,25211.2,3,25382.6,0,22735.6,0,3
RouteID_0921cebf-49ed-4e14-a8ad-89e6be212d11,127,29239.9,13,28981.9,0,28789.7,0,5
RouteID_b6d21ee6-724f-43e3-9cb1-85553e0a9475,169,26371.6,0,25705.5,0,25732.0,0,4
RouteID_811b18a8-3c68-4f63-964f-47af49ed96f3,192,31051.0,0,30409.4,0,31243.6,0,5
RouteID_99dd7d8a-fe9b-407f-88c8-fa78dbbd077c,144,26915.2,10,25822.0,0,27574.7,5,5
RouteID_e8344812-c989-4853-9620-8e0913229dbe,166,31071.0,0,29156.5,0,30839.0,0,5
RouteID_b387ef94-c466-428a-a629-cbd33b7f5982,148,30982.7,12,31313.8,0,31080.7,4,4
RouteID_d6ff5f52-939d-4ca1-85ee-d28a19a8c225,144,23331.3,2,22532.2,0,22904.6,0,5
RouteID_d2303422-aa18-44da-b671-35785760e751,134,29825.1,4,29717.1,0,29227.2,1,4
RouteID_35eff35c-d33b-41b4-81f2-f0dc9c0bd44d,172,27572.0,0,26597.8,0,28070.3,0,4
RouteID_183f1b60-7bb1-4f6e-8315-c845ed8015fd,177,29894.5,0,29032.0,0,29030.7,0,4
RouteID_1dd875ff-da1c-4707-b6dc-892447100d76,177,31938.0,1,30487.8,0,30932.2,0,6
RouteID_1de260a1-709e-4983-973d-6ad3b8be1807,161,28748.0,0,28097.5,0,28851.1,0,4
RouteID_aca8f2c4-92b6-4201-aaa0-1c616f462b13,175,28806.2,1,28148.0,0,28640.4,0,5
RouteID_c21a80c8-3bf6-479e-88a3-a17981b1fb16,166,29577.4,2,28845.7,0,29040.7,1,4
RouteID_e07ba9b7-5815-4e55-970e-3fec231b0c42,156,26071.3,5,24663.3,0,26478.3,0,5
RouteID_c3602216-4d2d-4204-9b7f-c6c545714efe,160,23544.9,1,22908.7,0,22892.2,8,3
RouteID_033dd66b-707f-437b-86a4-4f295bf2e557,190,25165.6,0,24677.2,0,26064.1,0,4
RouteID_a47e734c-2ee2-41f9-871c-c2eaf4681c56,100,23857.3,0,23710.4,0,24456.2,1,3
RouteID_f7c7980c-84a1-4820-806a-798646d20534,177,26734.2,3,25734.1,0,26855.5,0,6
RouteID_1181a424-42d1-4cf5-bc52-370d43bbdfd5,160,30980.7,28,29945.3,0,31123.9,0,5
RouteID_761a0e75-6121-46ac-9457-1be412f26f41,137,27078.1,0,25535.5,0,27349.4,0,3
RouteID_6ceffed8-aad6-4e11-ad59-0f37bfe44537,192,30965.9,0,29329.4,0,30003.9,0,3
RouteID_e4982061-58e3-4566-8c41-5dd667086e3a,193,28438.5,1,27197.2,0,27215.0,0,5
RouteID_a021d394-d29f-4dab-8ad0-8ed17f2a2e52,122,21780.7,5,21924.3,0,22338.6,0,4
RouteID_16dfbb94-ac9e-46bd-afe8-0b49cea540fd,201,28757.6,4,28772.6,1,29166.2,1,7
RouteID_14400e63-1a26-48f2-8b62-8c93b45df3fb,140,25369.4,0,24769.0,0,24915.8,0,3
RouteID_a3035081-7a09-4c0e-b72e-4e4c1dd0af47,174,26510.8,0,25965.6,0,27930.0,0,4
RouteID_fe099673-6d68-47bb-a9d7-bff9afd268fa,148,27488.1,2,27756.4,0,28306.0,0,4
RouteID_43eff27b-a40b-44ee-b729-caca0f560716,157,25665.0,15,24506.6,0,25833.0,3,5
RouteID_3b676853-3ed7-4401-8ef6-f346b18be700,158,26810.6,0,26072.9,0,27226.9,0,4
RouteID_7b73f846-9017-4b78-ab33-435ca8fd6961,156,32548.7,3,30444.6,0,30520.5,1,3
RouteID_0229f7ce-11fd-48ec-83a9-892fcebd924e,178,28662.6,11,29023.5,0,29048.3,1,3
RouteID_9110ead6-ca3f-4e86-8023-615d36a9d6e2,169,25248.9,0,24553.1,0,24549.6,2,3
RouteID_263d06d8-5d33-4805-b015-24035935f09c,133,19080.3,0,18798.7,0,19476.2,0,4
RouteID_59b8c778-dea5-411c-bfd6-d23d6058d5b7,160,27721.2,4,27218.5,0,29183.5,2,4
RouteID_1a004cf9-631a-46db-8be5-0906d0e99152,140,29928.2,2,29554.9,0,32120.7,2,6
RouteID_46bd777c-fe55-4bf4-a0d9-6094ee4b07db,152,25933.2,2,24825.2,0,25499.1,0,4
RouteID_2b24f987-ffe7-4823-947e-b0c8cfbb1824,182,29646.7,1,28435.3,0,28142.3,1,4
RouteID_fdc5d654-5ba1-48c2-a463-bdb746e29953,145,25483.3,0,24973.0,0,25280.3,0,3
RouteID_65f1cd8f-daf9-4d28-a2f3-954c7c12c759,163,28916.7,0,28183.7,0,28761.5,0,4
RouteID_7e53839f-4295-46ba-b895-d0567e80d47c,126,26354.6,14,25252.0,0,25792.3,0,4
RouteID_16929b31-9c1f-44cf-aba7-4c44c06a1c98,82,20322.0,2,20386.8,0,21615.2,0,3
RouteID_969d30e1-bdf7-479a-8a80-af8d7ffaf89f,137,25888.8,7,25679.9,0,25068.7,6,5
RouteID_e3493357-edb0-4430-b22e-6190806c27e6,158,25967.1,6,24959.9,0,25792.6,0,5
RouteID_03a85c45-30f2-401f-ac53-0f0fdfacd6c5,156,28818.8,5,34163.5,1,29519.8,2,5
RouteID_8cc876cd-d046-43a1-b91f-50c1c999d0f7,108,27624.3,0,24148.6,0,26583.4,0,4
RouteID_b1bbf614-23d7-4568-9017-2d9acfd05756,163,27490.3,0,25385.6,0,26752.2,2,7
RouteID_9ce33a6d-06c7-4ece-9e33-50ecf65e04b8,148,30980.7,4,31541.2,0,30432.1,2,3
RouteID_f0f30bd9-5127-4702-a4c2-f32de14440b5,141,28642.4,6,27096.7,0,28325.7,0,4
RouteID_afd2b0cd-8682-4dd9-a503-c0f80757ebf4,139,23423.9,0,21725.2,0,22834.8,0,5
RouteID_9face60f-ed2d-42bf-9a48-215ce09d17de,208,24301.9,4,24834.0,0,25059.0,4,4
RouteID_d3c26f8b-9364-430f-9776-46b5b8014ee8,184,30072.3,2,29097.4,0,29450.0,1,3
RouteID_f3e23ae0-1761-4e50-b44b-c88eed709402,138,25833.0,2,26056.2,0,25848.6,0,4
RouteID_187caca1-1b53-4bbc-aab3-9bc8addf5470,179,27560.9,4,26519.7,0,27711.6,0,6
RouteID_54566faa-4623-4f86-ae27-0e7d24e96b3b,139,26426.0,3,26633.5,0,27124.6,1,4
RouteID_5ee528fb-5046-4f84-9d0a-f7cc827c87fa,175,27284.9,0,25744.4,0,27164.5,0,5
RouteID_415b6fc0-4a88-4b33-ac11-c292b80aa00f,179,31932.7,0,30637.7,0,31305.0,0,4
RouteID_554fc365-f78e-4224-8ad1-72c1bfb2e910,99,27936.0,6,26866.4,0,27008.8,0,4
RouteID_0b855834-e4da-4fce-9935-9c1fa2629315,154,24358.9,2,24831.5,0,26563.2,1,3
RouteID_9b32b3ae-862b-4121-bb5b-3ecb2f0487dd,182,29273.8,2,29626.8,0,28724.8,1,4
RouteID_5b6fc875-52db-4555-a0fb-bfad00788996,167,25289.8,1,25590.5,0,25191.7,0,3
RouteID_259368c2-15b0-4b15-91d4-61c16fd3b649,128,27704.7,0,25559.5,0,28391.5,0,3
RouteID_cfd4c198-959a-462f-bcb9-e7b3944483bd,104,24137.5,2,24552.7,0,25507.7,0,3
RouteID_59d024af-760e-45ea-a720-903d7ff67109,177,30031.5,0,28563.9,0,29114.9,0,5
RouteID_18bc79d0-cf46-4acc-accb-dde9810fb9da,166,27597.8,1,27189.5,0,26463.5,0,4
RouteID_365dcd65-1bcd-4089-a25f-5d63767c66a8,160,22630.5,0,20555.6,0,24972.9,7,3
RouteID_37e2ba04-42ef-4d3f-9cd3-bd1e924792cb,114,26519.4,0,25794.0,0,25879.5,0,4
RouteID_02a11297-d6d0-47cd-a802-5c42867381fa,115,20466.9,27,20335.8,0,20785.7,3,5
RouteID_148eba24-2dfc-4911-88a2-eaa758f633a1,161,27473.3,0,25357.2,0,26854.5,0,4
RouteID_f9dad277-5723-4c75-8ea8-62731ac32b58,161,26219.6,23,26012.2,0,25944.3,2,4
RouteID_6ff94b76-44d6-4888-9bbd-64fb2bc870e8,143,26440.7,1,27053.5,0,25629.4,0,4
RouteID_07e31b9c-198c-4a2d-aee8-9c5dab86b782,67,24201.3,1,24039.1,0,24219.3,0,3
RouteID_6c606721-7099-4f6e-9175-aa150aa57c42,179,30132.7,2,30990.3,0,30552.0,0,6
RouteID_cd0bb501-c044-41ea-8933-e33162e8ec22,190,25196.2,1,24626.0,0,24176.0,0,5
RouteID_fb76db03-42c9-469f-ba04-fdcead32be60,122,27505.8,8,27640.1,0,27534.0,0,7
RouteID_2d6c8044-549c-4075-916c-2e670b830206,134,22856.0,0,22777.1,0,23566.4,0,2
RouteID_d79263ec-054c-43cf-a287-ff4b87e61093,176,22587.6,0,22374.4,0,22554.1,0,3
RouteID_f0f5a443-0919-4ed2-9d23-050b99628523,151,26561.1,4,25851.2,0,26287.8,0,4
RouteID_323dd1dc-2e5f-47b6-8de8-eecd0e227994,166,31841.3,0,31063.9,0,30569.1,0,3
RouteID_f11ba600-40e9-471f-b82a-4a06e8b2d6b2,113,24985.9,3,23798.5,0,24721.8,0,5
RouteID_ed877132-c6d3-423b-a51f-7fb8173382e0,168,27340.3,10,27752.3,0,27038.7,0,4
RouteID_613148fd-77b8-4388-b27e-d8c81fee04d7,153,22963.9,0,21586.6,0,21773.9,0,5
RouteID_3d5cd4fb-0ed2-4373-88d0-812749fc7115,164,29991.1,0,29268.5,0,29516.2,0,3
RouteID_fa28d5cb-94e1-4cbc-8e9a-3b6c8ad140a6,119,24351.4,3,24430.3,0,24225.7,0,3
RouteID_d6192137-6ba2-4baf-bb6f-e53a18acea66,152,28694.1,3,29277.9,0,28716.3,2,3
RouteID_076973fd-9546-45a5-838a-0aa166a917b7,169,28739.2,5,28802.0,0,28124.7,5,7
RouteID_47a640a0-19b4-4a82-b675-00da3fd29b3d,166,25394.5,0,25004.2,0,25368.2,0,3
RouteID_9a004aa7-847f-4155-8311-0bce7f78d5f6,167,21314.2,0,20262.0,0,20692.3,0,4
RouteID_f53f895d-3c73-4798-b787-9890b7dcb23b,144,26070.9,0,25492.8,0,26044.9,0,4
RouteID_416921e2-b706-47e7-9de8-c2ada3fea9b7,103,24364.1,0,23740.4,0,23738.6,0,4
RouteID_ab0a7f31-7a53-4d67-a703-34c52c547e5c,140,24804.6,5,24487.2,0,24783.7,1,5
RouteID_2e7a1943-f40a-4fe8-8010-d65d1db15238,146,24578.4,0,23946.7,0,24475.3,0,3
RouteID_b4d140c5-f4c1-4b23-b030-2e6935d75fe3,153,28847.9,1,28933.3,0,28803.6,0,4
RouteID_ffbcdf1c-5631-488a-9b30-0e704fde8a3e,82,24902.2,1,25795.0,0,24752.3,0,4
RouteID_3a8b6456-85f1-4e74-a336-88497f784c21,181,24677.6,1,24049.9,0,24568.4,1,4
RouteID_48274e67-29e0-4db7-8f67-eb2d2c3465a0,118,27631.8,3,26519.6,0,27536.8,0,5
RouteID_1e46b24c-0893-46f4-9caa-9f6ab4ce433b,125,27939.4,0,27088.9,0,27622.6,0,4
RouteID_bf773baa-ccea-4eff-bce7-53e9a47cd865,200,30168.2,6,31009.2,0,30663.7,2,7
RouteID_668dd483-512e-4436-bd5b-867e552b4785,184,28457.2,0,27453.7,0,26126.1,1,3
RouteID_3c4d3348-5a44-4aad-bafc-15d5da9168e3,166,25457.1,0,24619.9,0,24942.5,0,4
RouteID_888e84e7-7cbd-4989-8b92-2764bf8c03dd,133,21948.9,0,21173.1,0,21944.9,0,4
RouteID_e591d351-e929-4e76-afae-36fa6b0134f2,124,26601.1,0,26149.3,0,27447.9,0,3
RouteID_6c77b160-2e73-43d6-98f3-70b5c18668ad,150,25559.3,0,24089.2,0,26550.3,0,3
RouteID_0e796e1f-cab0-46b2-96f7-c0d0c1b90ac7,180,22951.9,0,22393.9,0,22607.0,0,3
RouteID_bfb962d0-05a1-4956-9058-5e71dc3e8d9f,164,30964.8,0,28535.8,0,30836.8,5,4
RouteID_024a44ee-5a90-48d3-8f80-d8e7b124971e,163,26939.1,0,26442.6,0,28089.1,0,3
RouteID_55ed19dc-8677-4292-ab02-bc90551676cb,117,23431.6,2,23363.2,0,23879.7,0,6
RouteID_3f074f11-dc47-4fff-a9bd-a4f73350bd41,155,28094.4,1,25946.1,0,27932.6,1,6
RouteID_a07c7bda-a497-46ca-ad43-551f0112dfa7,157,30239.5,11,29958.8,0,29855.2,3,6
RouteID_f6af8b0b-d87c-46e0-9b96-b575abc2db6d,149,23040.0,0,22543.2,0,22268.9,0,3
RouteID_3ed5fdae-234b-4580-881e-79992a69a246,105,21768.1,0,21293.2,0,23643.4,0,5
RouteID_bde6f14d-6311-4769-af26-72e4f503f64c,146,27459.9,7,27888.0,0,27002.2,0,5
RouteID_039e2075-2a3b-44d7-8662-0a60043e278f,189,32184.2,0,31544.9,0,32382.9,0,4
RouteID_755d294e-5b17-46e3-ab86-b6ea607a0eff,129,25548.5,0,25160.6,0,25381.7,0,4
RouteID_e1b509f1-465c-4788-9735-3c20f8ba399a,156,28901.5,1,28028.8,0,28451.2,3,3
RouteID_4b2c6211-0573-4c7e-840d-c2e8b1db468f,120,26188.3,0,24944.6,0,25625.1,0,5
RouteID_610c9755-db00-4dd3-b12b-8dd855b5d60b,122,26169.7,2,25151.1,0,26081.3,0,4
RouteID_1a6fb97c-0be1-475a-bbf6-766a0e1b7e63,183,31130.3,3,31896.4,1,31323.8,1,5
RouteID_e4f60dc4-86c9-4918-9fd3-e63b03ff87c1,110,29293.5,0,28181.9,0,28713.2,0,4
RouteID_62c365e7-19c8-4cf7-901a-09f8ad23f293,135,25832.3,3,25434.2,0,24527.1,0,3
RouteID_5ce60f73-3fe6-4933-a6c9-a92c1513cadc,138,24686.4,6,29128.2,0,27077.6,1,4
RouteID_9e04820b-0e25-4871-9902-92116859bd40,151,28861.5,1,27782.0,0,27446.4,0,5
RouteID_254c845f-d944-4ebc-ac96-3995d7c819c9,157,29266.3,1,28850.6,0,28032.7,3,3
RouteID_74a4e7c2-d7a3-4f47-a6f1-a2d4cd38ef3c,74,22182.8,0,21252.5,0,22266.5,0,3
RouteID_d104342c-b0f8-41a1-aa4e-d0e1a06bdf84,169,22093.3,0,21960.7,0,23719.3,0,3
RouteID_83c70eeb-fd15-40a7-9c40-c2b5e1106163,130,24342.1,0,23183.4,0,23438.6,0,3
RouteID_1492199d-9760-4e63-af2b-25176190b8a8,173,27603.9,1,26808.2,0,27576.0,0,4
RouteID_333da0a1-00da-4a38-8bc8-0887b764497a,172,26761.3,1,26309.5,0,27903.5,0,4
RouteID_0331580a-3797-418d-b347-61cc4547235e,123,30393.2,27,31702.3,0,30867.9,2,4
RouteID_c0599e4f-4911-4efa-85f1-75ee9b060429,163,28477.9,2,28733.1,0,28889.6,0,5
RouteID_c2b5350b-e571-4009-ad6b-21b60e158bce,125,30714.6,4,30804.6,0,30458.5,0,5
RouteID_2aa72e48-3ca8-43e3-8fb5-b1a625f920c0,100,26047.4,2,24136.0,0,24593.8,0,6
RouteID_743d07a3-2d21-4650-ac0a-ab67069a9a5e,161,30656.7,0,29178.1,0,30298.4,0,5
RouteID_8b47d67a-ee07-4774-8cea-2764431e479f,106,27131.4,0,25310.3,0,27529.1,0,4
RouteID_34628b01-eb42-4008-a0b5-9e91d7261485,138,25536.8,1,24016.0,0,24582.8,1,4
RouteID_af480955-6e35-447d-9506-96a6998e2fce,159,30225.8,0,28616.0,0,29367.8,2,6
RouteID_3df50218-258c-45cf-804d-79accb01c249,151,30399.7,15,29361.8,0,30356.3,2,4
RouteID_0aef75fe-d9d0-4dd9-b44b-b6af0ff26b52,149,29049.1,2,27642.0,0,27802.8,0,4
RouteID_2a58ebbc-9f25-4389-bcc3-96c14515b07e,175,28718.2,0,27727.0,0,27859.1,0,4
RouteID_dae0189c-596e-4530-80f8-2ad493bfc75d,179,34466.0,0,31585.3,0,32866.8,0,8
RouteID_3705a456-1cd9-49de-9651-bed8bf6ae7e9,119,19618.9,0,18783.8,0,20085.0,0,3
RouteID_00575ca4-8a63-49d2-96c8-9b347be5ba6c,59,20935.7,1,19217.2,0,21060.3,0,6
RouteID_bbe190c2-ff7a-436d-9230-a002271ee3e4,115,20885.6,0,19173.3,0,21361.4,0,3
RouteID_2782d7fe-fb2c-4dae-bf2f-f4b9374c7cd0,144,21336.2,0,21330.5,0,21720.7,0,2
RouteID_54642494-039b-4edb-b54e-b3c939ea3462,140,24962.8,0,24761.9,0,24500.2,0,2
RouteID_72e32b69-0cd1-4ca9-b784-e5c0ee6b89ca,132,25281.2,10,25483.7,0,25427.6,0,5
RouteID_e9384028-2356-4ee6-b0c7-330c4847b64a,88,19283.7,0,19156.3,0,19236.9,0,3
RouteID_96d031ae-6ad3-41ba-b40d-c33d5d977209,103,28555.5,4,33078.7,0,28837.0,0,5
RouteID_2ed85545-6d09-4efb-b07d-e964dc0c2ba8,141,23815.1,1,23501.5,0,23513.2,0,4
RouteID_13101816-1841-421f-bb0a-bc271df18f66,167,29458.2,0,28468.8,0,29906.8,0,4
RouteID_85204302-9e49-4dd2-8efc-d04f7c822fdc,166,21726.6,0,20750.9,0,22102.7,0,4
RouteID_4ec52062-78b9-444a-8899-8f46ddef050e,168,31586.3,0,30334.0,0,29934.4,0,5
RouteID_4cb01a85-ffa0-45e6-b3c0-0d3dfd3374cd,66,24634.9,0,24022.9,0,25284.9,0,3
RouteID_a72f412a-aa64-4069-9f1a-8b0f61c2c474,164,33619.6,0,30436.0,0,32155.5,0,6
RouteID_d1d479bb-73b5-4723-9e79-cff3c0bcbe40,174,28959.2,3,28198.7,0,28704.3,0,5
RouteID_97ea3b69-eae6-4db8-a188-d98a03d73d74,178,32020.6,1,30230.5,0,31420.9,0,4
RouteID_1bc5771b-4d0f-4b2d-99c7-0bad1a189e2a,146,24218.1,3,24108.8,0,24716.0,0,5
RouteID_c01480b7-ba76-462e-8c4a-0046edad9170,154,23698.2,1,22180.8,0,23311.9,0,4
RouteID_5865e1c6-0feb-49f7-99c7-da35c99a253d,178,26240.0,2,26603.7,0,26495.4,0,4
RouteID_c48f1517-7277-4ce2-a603-2d1a7197fefa,142,28801.4,1,28329.2,0,28769.4,0,3
RouteID_d54efb27-1db9-4a1a-a9c0-b879fffb523b,126,26131.7,3,25904.0,0,26513.4,2,5
RouteID_79a673da-e1c8-4c0c-b5b1-e94f7e976087,183,28796.1,7,28992.5,0,28438.4,3,3
RouteID_2b8df66d-fcd4-438e-931c-3b84b36a5c6b,133,24531.5,13,24873.6,0,25750.0,0,4
RouteID_4f5da18b-8a76-4ab9-99bf-aa8e266e4ab1,172,29472.1,6,26882.8,0,28156.6,3,6
RouteID_7e8cdc0e-0e4f-452c-aded-6622d2cc68e1,176,25245.6,5,25689.6,0,26580.5,0,4
RouteID_f60e335c-e55c-4529-91e1-885b587c2aba,202,28944.8,0,27962.6,0,28905.9,0,3
RouteID_49241a0e-00eb-401a-93ab-ce909f56dd8a,131,26904.4,9,24664.3,0,26120.9,0,4
RouteID_df1c5651-c05c-4d42-bb95-e2bd5e7d1f67,150,23085.0,0,22669.9,0,23465.9,0,3
RouteID_8a651fc6-9062-44b6-9a91-07b054dec2bf,83,24756.7,1,24702.7,1,25611.7,1,2
RouteID_4ac5068d-f0db-45d3-8201-1dac6892d3d0,153,28001.3,0,26303.0,0,26910.1,0,6
RouteID_9d17a916-7a43-4c0b-b3cd-fe7f7849a52d,190,31645.7,0,30879.4,0,30313.4,0,5
RouteID_50f647bf-63f2-4be3-af9d-81c6cb55e810,173,28176.4,0,26881.7,0,27188.4,0,4
RouteID_8b8f4e98-6e59-457f-9923-3ce7f2cf6072,175,29584.0,0,29143.3,0,29399.2,0,4
RouteID_f17718bf-7a80-4a1d-9aaf-b5b331ca231d,97,22118.9,0,21746.9,0,22418.1,0,2
RouteID_a473a91d-3dc6-48f5-8086-25178c92feb7,166,26620.6,11,27288.3,0,26635.5,0,3
RouteID_ec2fa948-456a-41b7-9232-13068e793267,173,27376.7,0,27275.2,0,28307.8,0,3
RouteID_9e02ecb9-4a77-49af-92c4-f85a1ae18d78,174,27328.8,0,26648.1,0,27235.6,0,3
RouteID_1d917b81-56cf-40b4-acc5-32c12b3c5954,170,25183.5,0,23426.4,0,24507.1,0,4
RouteID_092c229e-9d6e-468b-accd-0372d87a181c,194,28522.5,2,27858.8,0,28058.3,2,3
RouteID_6ad75c1f-8ece-4a07-a8c3-b8c7f75de98c,147,29413.6,4,28966.7,0,29055.5,0,3
RouteID_b7b62247-44b8-45aa-81a0-edbd95673b2a,155,28152.5,1,27415.0,0,27509.0,1,5
RouteID_dc4ad6e5-ab22-4c35-a1da-2de14f93f7e8,182,29706.4,0,29137.2,0,30379.3,2,3
RouteID_b5f91cc1-aabb-49f4-8812-07d621d970dd,155,28904.1,0,27734.9,0,27348.4,0,4
RouteID_c16cda48-a3e3-471c-a5d0-124db92659f3,158,28744.9,0,27612.3,0,28157.7,0,6
RouteID_2a557de5-2e64-42e1-b63a-19e83d02c766,95,25259.1,4,25333.3,0,25956.8,5,6
RouteID_742d9d90-6474-461e-bf35-767ca23150ff,179,26725.7,0,25421.6,0,26301.2,1,4
RouteID_9efdc483-0a66-4f59-bf93-69e0bc3ce285,151,25280.0,1,23631.7,0,24567.6,1,5
RouteID_faffc452-8663-484f-bbd8-7ace2b8bc694,127,24624.8,0,23995.4,0,24526.4,0,4
RouteID_2b066fae-9bd4-4dfb-8d31-ade73671bc50,186,29161.8,3,28922.3,0,28356.5,3,4
RouteID_7bc9b017-5254-4107-a598-d7dfded895ba,134,24743.9,8,24203.8,0,24489.3,0,4
RouteID_6a6d2ca9-0013-4890-91ef-5e22f5d069cf,191,28481.3,1,28756.1,0,28946.1,0,3
RouteID_ed6a0b68-cd0e-4cdc-8f99-1e78c64dc722,175,25831.5,0,23950.1,0,24841.0,0,3
RouteID_0e217d92-1e37-4216-bb49-b9858c120b52,181,28245.5,1,26929.4,0,28060.5,2,5
RouteID_0076d53c-6bfa-4e22-b39e-08769fb8e4d3,130,21760.2,3,21474.0,0,20730.9,0,3
RouteID_e8fadfda-0160-40d7-8a89-7bedbe0502e5,144,26133.7,1,25990.2,0,25362.3,4,3
RouteID_be4a5318-30b0-4446-aed2-0660df6853e6,164,24890.3,0,23633.6,0,24197.9,0,5
RouteID_3532695f-e73c-4fd1-9e4a-39eb8a33d2a9,174,26944.6,0,26387.4,0,26399.1,0,4
RouteID_fdf39434-8bd9-47c5-ae35-c9c3e252e370,172,32645.3,3,33800.1,1,32771.9,2,5
RouteID_a4272688-1fb9-4e59-bf27-281a6cfae1f8,167,27512.1,0,27200.5,0,27324.3,0,3
RouteID_d2c06359-497b-46b5-a5e7-1a69d779f0a9,169,28161.4,0,27587.6,0,27687.9,3,3
RouteID_a4fde102-5888-4f53-83c2-66fd52c6d45d,137,22988.1,3,21531.6,0,23536.6,0,3
RouteID_168bfe56-6dee-4032-ba12-e0f50dadc3c4,147,29836.0,0,27616.2,0,28644.3,0,4
RouteID_3f5cab24-ce9f-4eca-b10c-6bcba85424f1,142,22786.3,2,22525.4,0,23151.3,3,4
RouteID_d04e3e8a-a83e-49aa-9325-ab3a0c52fbc5,199,27676.6,2,27278.1,0,27070.8,1,4
RouteID_819fcab8-47f4-4473-adc0-5082f1fea031,142,22348.3,0,21783.4,0,22027.1,0,6
RouteID_4e6a1048-3174-4c3e-8e7f-e9982a5d1f72,103,32742.8,1,31797.2,0,32529.1,0,5
RouteID_4d258d43-b053-4f00-96ef-55bb58cca10a,162,27173.2,1,24685.5,0,25205.6,0,5
RouteID_c398f21a-b659-4c0f-983e-5802982511a1,153,26072.6,3,25957.7,0,25751.3,0,7
RouteID_8d61d9ac-2c0b-43e5-9604-a8ee485fbf28,126,24549.7,0,22816.1,0,25151.7,0,4
RouteID_65950c5f-ee82-40c0-a0db-d0b6060274a8,112,24903.2,0,24107.1,0,24561.5,0,4
RouteID_3b583678-5cad-475b-b117-af034d15aae2,148,21745.5,0,21299.1,0,22108.5,0,4
RouteID_f0541d0d-50a2-4e17-a618-e74de45874c7,193,30800.6,0,29653.5,0,30057.4,0,4
RouteID_cc8a4f89-1a0e-4fca-a6e3-a662e5686f73,172,28338.7,6,28384.2,0,28188.0,6,3
RouteID_6989e0b7-a9af-4d3d-ad0d-f67e73420982,159,24092.2,1,23319.5,0,24142.3,0,4
RouteID_6322fde9-ae70-4935-b8bb-80583214ae69,188,30212.6,2,28461.7,0,27534.4,0,6
RouteID_a44f5e58-8c62-47c8-b2b8-65385f068dca,140,27639.3,4,27134.4,0,27140.8,0,9
RouteID_6d299520-fd1c-42a3-a121-cf74fdcb93f6,127,25015.5,1,25602.2,0,24874.6,1,3
RouteID_2908fe3f-1221-42bd-a710-49d639c8ccaf,192,25026.5,3,23959.4,0,24382.6,1,4
RouteID_43d6f077-0ef6-4e39-bad5-6ef1d699aa38,175,26985.3,1,26423.6,0,27402.3,0,5
RouteID_eadf4376-7eea-4913-8e2a-afbf9389ca5e,157,30107.2,0,28883.0,0,29704.7,0,5
RouteID_99d03063-0f92-48da-9745-2cfa76fb17ba,125,26788.4,0,25610.5,0,27417.2,0,5
RouteID_2b8421af-896b-4673-9655-5d0fdae06a2c,199,29903.4,4,30122.7,0,29669.0,2,5
RouteID_70d8e0c7-1e61-477a-be64-e2e4e63ac103,147,26002.8,24,26075.9,0,26138.5,0,4
RouteID_43a9d332-6915-46c5-9862-15a868e84038,152,25839.6,5,25516.7,0,24860.7,0,4
RouteID_2872b642-b7c0-4a84-8309-30eb57dfb2a9,162,30895.5,0,30346.1,0,30310.3,0,4
RouteID_3622549d-1e92-4bca-904d-f95b229dc1ae,147,31686.2,1,31453.8,0,30435.1,0,4
RouteID_9149675b-2385-4661-a810-7563f1b9cfbb,186,31997.6,8,32960.6,1,32096.3,3,4
RouteID_344d8f76-88ff-4abc-a94b-2a96a4248750,189,24355.9,0,23996.7,0,23995.8,0,4
RouteID_aebb3c46-444e-4ae5-a144-da7e8368bfbe,175,31533.0,4,31194.9,0,30771.2,0,3
RouteID_96b03739-edc3-4d98-9d46-2908d172f5ad,143,25118.5,0,24088.3,0,24311.0,0,4
RouteID_ce3a881a-ef37-4736-a4fc-08c53db6a250,173,26361.2,0,25574.1,0,25700.0,2,3
RouteID_e5b0299c-1a6f-49aa-8f39-d766a621e759,145,26765.7,0,25454.4,0,27045.0,0,4
RouteID_7f1e14aa-c303-4977-b8a9-b16dd1306a7a,185,30963.6,1,31012.5,0,31095.4,0,4
RouteID_661d6aa9-06a2-47c1-87bc-6b69104dc77a,209,27870.9,10,27538.3,0,27173.1,1,4
RouteID_c39273c4-59ed-4619-bc06-7ade297e4289,158,27890.8,2,27631.4,0,27212.6,0,4
RouteID_0233acdf-6721-4975-b8c4-7d9cbcba11dd,150,28697.7,3,27493.9,0,28524.8,0,5
RouteID_0be0c72e-605e-4417-ba4b-673da933ff69,173,27627.8,0,26274.6,0,26264.0,0,3
RouteID_8b7513a3-9e08-4118-a0d5-09b9e5632acb,148,25473.8,2,25855.5,0,25998.0,0,3
RouteID_7b0d7185-1024-4504-b2ec-75dbd37f162f,177,26482.5,0,25063.7,0,25870.0,0,3
RouteID_df8170fa-2d78-4edd-ba06-d49e6bee4622,121,25889.0,3,25719.3,0,26157.7,0,4
RouteID_12e7c960-79ac-4183-96a9-23f968eb6c32,125,19258.6,0,18426.6,0,19223.7,0,4
RouteID_3f8e145a-231b-45e8-8238-fafb32c24241,163,32529.7,0,31019.0,0,31644.4,0,6
RouteID_03993849-06f7-4c5c-95d5-a2f70fb796cf,152,31746.9,0,30289.9,0,30350.5,0,5
RouteID_683f9027-aa76-4acc-bb6a-0c006d3d4e0f,116,23804.9,0,23500.1,0,23946.1,0,3
RouteID_de5c90fd-e4e2-4fe6-b6f6-93f2c7d31716,154,27660.3,7,28538.4,0,27061.3,6,5
RouteID_902524fa-2422-49f5-a13a-3f9cddfa70ef,179,30034.0,11,30773.8,0,30989.5,1,6
RouteID_ebaf925e-12d7-4845-ace6-7af1f9fc37ff,155,30806.6,0,30113.3,0,30654.7,0,3
RouteID_047615ff-801a-4a1d-a302-00bdc0a920b8,160,27756.5,7,27947.2,0,27226.1,3,4
RouteID_e1b827ff-76b1-4788-9f41-527e481461de,134,22318.9,0,21823.0,0,22085.2,0,4
RouteID_2d83827e-d6b9-44a8-a631-532e7cc52cbc,122,23505.7,3,21978.7,0,22598.1,3,6
RouteID_cac565b8-6e36-49e9-ac22-d69559bc7460,159,25559.7,2,25772.2,0,25961.5,2,5
RouteID_e21c2f8c-2953-4ef6-a1ad-0755a60c0650,167,27756.6,6,28095.5,0,28054.9,1,5
RouteID_a78947fa-f071-44b5-83c3-0f63d9236bda,185,26920.3,0,25086.9,0,26529.7,0,4
RouteID_f1001800-0770-4476-b4ea-74e07e88af09,145,25268.3,0,25268.3,0,25507.2,0,1
RouteID_0bce0fe7-3ec0-41d8-8f90-3c766c493da1,146,32870.8,0,30999.5,0,32617.2,1,5
RouteID_de81d838-4286-4f12-84d3-ff1e790276c6,160,26379.9,0,25433.9,0,25898.0,0,3
RouteID_7cd46dde-c440-4097-a897-3eba5870a8df,62,23086.3,0,22539.3,0,22751.9,0,3
RouteID_3e965dbb-eb45-4c11-ad8e-1f488c359f67,138,25171.1,11,23959.1,0,23862.6,0,5
RouteID_aac5b390-fa8e-46aa-bf5f-998ae5c07c5f,151,23966.5,0,22919.5,0,22975.6,0,5
RouteID_082285e1-3890-486f-b252-1adc253a2799,178,29147.2,6,27596.4,0,29284.2,0,5
RouteID_8473609b-c65e-4497-9d1b-6a69c5dbb314,140,22135.5,0,21041.3,0,21968.3,1,4
RouteID_776d43e6-db17-448c-92b8-5c44d11121d3,152,26371.8,0,25827.7,0,25857.4,0,3
RouteID_b339b7fd-e9fa-48c3-af3a-865bc21e215c,171,25462.3,0,24341.8,0,24070.5,0,4
RouteID_dd2afc42-60dc-4373-bbd6-f9a6cd63a29c,112,25660.8,0,25616.7,0,26199.1,0,2
RouteID_2fac13dc-55f3-4a80-82a8-22418dcfa54c,140,29066.6,0,26343.8,0,28490.0,0,6
RouteID_20f35763-5c79-4bc8-aa2b-dfcc3a119b95,144,22172.1,0,20568.2,0,20334.9,0,4
RouteID_cadcbe46-50d9-4124-a9aa-b738dc6317b0,152,24278.4,0,23850.5,0,25606.6,0,4
RouteID_09ff2f98-260f-419f-a3f1-fb593380fd4c,134,23885.8,0,23352.3,0,23463.3,0,4
RouteID_33fcd9ae-5f40-41be-a82c-a24f8cf3ea46,174,24143.1,0,22481.7,0,24237.7,0,4
RouteID_97880895-c864-445f-b7b1-12a8ed8fbb87,182,27646.5,0,26678.2,0,27115.9,0,5
RouteID_44f05e18-630d-48e2-b07f-ae93261c1ba3,129,25233.2,6,26197.6,0,24860.1,0,4
RouteID_ed9e9b18-c25c-41e7-902c-635c0d6938f2,100,25643.1,1,26579.9,0,25064.4,1,6
RouteID_885e01d0-98b7-4228-9b2f-b5f885ddf164,177,32908.1,1,30992.2,0,32100.9,0,4
RouteID_9de33f41-1a87-4158-96d4-87775df16053,170,29643.3,4,30051.8,0,30125.1,1,5
RouteID_5affbcef-7a2e-4d5f-a8a2-976115852193,165,26080.0,3,25410.1,0,25905.1,0,5
RouteID_bad7aac9-f29b-4afc-bff6-2a28dbf3618c,178,25853.0,0,25519.3,0,27266.6,0,4
RouteID_a35f79c5-9c62-4525-90e3-3e620eec408e,167,27637.8,5,26561.0,0,27402.8,0,5
RouteID_4d460f58-115e-43b9-b39b-29c4d4236326,205,29622.6,0,28700.5,0,28312.3,1,3
RouteID_b1d5349d-1a9c-4791-a652-80ccb71dbfd6,147,23131.6,0,22809.6,0,22716.8,0,4
RouteID_ca335703-725e-4f7c-b384-81c46e288cda,165,31562.6,0,30969.3,0,31315.9,0,4
RouteID_a1259a39-3735-4e91-9786-f9f96801d72d,135,22811.6,2,22279.2,0,22737.3,0,4
RouteID_944964ba-76e9-4eb6-ac64-c76d8cd7062e,165,27929.1,11,28539.0,0,27486.7,0,4
RouteID_e9b374a0-5506-40e2-84fa-aeab6b50640b,176,26477.8,0,25752.1,0,25293.5,0,3
RouteID_252e3640-9a9e-4979-aa9d-37346d872352,135,23356.2,0,22414.7,0,24481.6,0,3
RouteID_184da9b1-0f34-4051-8018-19064a4059fc,172,31237.6,10,30791.1,0,31455.0,0,5
RouteID_e62f605b-2610-4e8a-add6-1c8c98f3c654,161,29433.1,0,28952.4,0,29467.8,0,3
RouteID_08a53481-3de6-4688-ab69-b88fc2cc1d9c,98,23565.2,0,22014.0,0,22951.9,3,4
RouteID_2056a5f3-6701-4105-9ca3-0ab051db6f7d,135,26933.8,3,26793.6,0,27615.9,0,4
RouteID_483c89cd-41cd-4995-a1f1-432eb9fddeed,191,28544.9,0,27932.2,0,26850.6,0,7
RouteID_3250f0cc-cffb-4adb-9995-e4fce1797ac6,111,27881.4,1,29013.7,0,27583.9,0,5
RouteID_31e81d17-2ba0-4b6b-a56e-507f3a27e414,177,27343.6,1,27048.0,0,26298.1,0,4
RouteID_e19a479a-b889-463e-b03f-28b4ac51d64b,136,25653.9,0,24661.0,0,25733.6,0,4
RouteID_e787596d-c3f4-4292-aea7-9ceb4470845a,83,26234.9,0,25947.2,0,26018.2,0,3
RouteID_a2696750-f9f5-4fdb-a463-85ab063aa43a,192,26140.5,3,25404.4,0,24010.4,0,5
RouteID_606b779e-f2bf-41ee-8bb2-bbf0850aef90,125,23840.8,12,23602.9,0,24722.1,0,4
RouteID_6170d139-b870-424e-9b66-c64608b12925,194,30328.1,5,30901.9,0,29166.9,0,7
RouteID_9d6f6775-fd1f-4715-aaae-c973bccb73d3,131,25395.0,7,25428.3,0,24700.6,3,4
RouteID_f49e3ec7-7193-4efc-88df-3190235037e4,107,24754.2,0,23408.8,0,24519.1,0,3
RouteID_40ed9b43-c996-4432-ae2f-372f9533082c,196,30964.6,0,29948.8,0,31699.5,0,5
RouteID_7d13a420-434a-4bc6-b3d5-70007efd9d85,180,25606.9,1,25697.9,0,26189.9,0,4
RouteID_551aa202-0406-406f-9b1a-077e96212484,166,24872.5,0,23655.9,0,24014.2,0,5
RouteID_30fa467f-054c-4d9e-acd2-b7dd347fcd26,146,31440.2,0,29917.4,0,31213.1,1,3
RouteID_87c76a48-381f-4505-ba8d-67e79053696f,155,25058.2,4,25166.8,0,25498.8,0,4
RouteID_5e48e4f8-679f-4d50-84b7-0f1ac8849fe3,181,34316.2,2,33586.1,0,32890.0,1,3
RouteID_641ff4fc-32da-4dc0-a599-2cfb31a8ad1a,175,28220.2,0,27088.8,0,28114.9,2,6
RouteID_7fb2b192-e65a-4dce-8e7f-aabe0ced87c0,66,26800.2,1,27633.9,0,27369.1,0,3
RouteID_dbf1d461-10ae-41f8-9a6c-34f9e2935f2f,122,30811.6,3,29137.5,0,30649.5,0,4
RouteID_47bfbc99-9703-4e42-9e6e-ed6164522653,205,26547.0,1,25878.8,0,26474.3,0,6
RouteID_68e55cc3-61b1-478b-b7a0-13b5ee216d14,196,30223.5,3,29217.2,0,29780.7,0,4
RouteID_25141480-1e16-4288-b5cb-a03a227f2dd1,150,32466.2,0,31695.4,0,31270.3,2,4
RouteID_cab83bc1-f3b0-409d-9a19-43d65c4dfc9b,195,29762.8,2,29314.1,0,29265.6,3,4
RouteID_9812e43a-dfe0-4ac1-be34-b30627354335,182,28546.1,0,27644.8,0,27739.3,0,3
RouteID_eadb5681-af80-4df1-ac4f-1efe88dc5fea,149,26953.6,0,25968.1,0,27216.2,0,5
RouteID_3f89788a-6211-4aa9-8513-4857b03e0275,169,25738.0,3,22718.4,0,25842.1,0,3
RouteID_4b0d937a-2513-4bca-9833-bbf1a5d63590,93,22947.6,0,22887.1,0,22920.3,0,2
RouteID_86517a18-67ab-4b65-b8a6-afe7740861f7,150,28587.9,0,25291.3,0,28403.4,0,4
RouteID_d98874fe-e47d-4121-ac7f-588ca9eb9b6a,195,29270.6,3,27927.0,0,28987.0,0,4
RouteID_038fd948-9740-446a-b3ee-6f2b0f4ce1b1,196,28128.7,1,28158.4,0,27479.5,0,4
RouteID_5e536da9-215b-45fd-8988-b069ca0c0e6b,183,31211.6,0,29690.5,0,29931.4,0,5
RouteID_cb9ff641-9fb7-44f6-a240-3e246e36d9bc,81,22418.9,1,22753.8,0,22931.7,0,3
RouteID_4dafd262-7537-43e9-a084-884b96c541d2,154,25842.1,0,23821.3,0,24528.0,0,5
RouteID_7cb3aae3-76f9-4ecd-96d0-69fbbf002235,164,26883.7,0,25533.7,0,25984.2,0,3
RouteID_a875c01a-68bf-4109-891f-d070ce2a7688,139,27348.8,0,27221.5,0,27260.9,0,2
RouteID_447e725b-f364-4292-8e11-fc3c5f2bf86f,156,22778.6,3,21633.3,0,22473.0,1,5
RouteID_5756f864-0311-422a-a8dd-911edae3f21e,173,25390.1,0,24575.0,0,25160.2,0,4
RouteID_c67fb967-0c80-499f-b05d-c2fdbf9fa19e,177,27482.3,3,27334.2,0,26451.8,0,4
RouteID_ecd28024-0cf4-4913-9dc4-5fb9d8b40cfb,154,26323.0,1,25631.6,0,26128.4,0,6
RouteID_eda0f6bf-6402-43a7-968b-662e9ae3aa1b,126,18754.0,1,18368.9,0,19082.5,0,3
RouteID_9fd7ee84-fba5-4980-b1c5-6af9401a32c6,144,20783.4,2,20817.2,0,19999.7,0,3
RouteID_e961d38f-49f1-4bb2-b2c2-e985da51f6a4,168,31058.8,4,32396.5,0,31490.4,2,5
RouteID_b9325966-394c-43b4-9d93-deccb1125569,160,29070.3,0,27842.2,0,28020.1,0,3
RouteID_ecba5cbe-9a5c-4335-abcc-86b25d820084,93,25218.8,0,24687.8,0,25356.6,1,4
RouteID_423aa100-6d85-4805-ac6b-71bbbc18797c,90,26442.8,2,28214.5,0,27345.8,0,3
RouteID_d98eee2b-a976-41ce-b119-7063bf5e3fef,167,23524.7,2,22542.0,0,23164.6,0,3
RouteID_6a109849-1503-4d1d-9c19-1178be36e33f,160,30149.9,3,28689.5,0,29519.7,3,8
RouteID_c73a16da-a41b-4a20-a433-9e756bd1a9a3,134,29022.0,1,28326.5,0,28072.1,0,5
RouteID_4be375b3-a89d-406f-9605-08e0a7ffc4da,156,23275.2,0,22117.9,0,22265.2,0,5
RouteID_4895db7d-cd33-40e5-a1b1-e6259fc02528,134,28988.2,9,29087.3,0,28355.4,0,4
RouteID_9e2ef94c-c40e-4107-8522-5896fe7d0bf7,142,26921.4,0,25830.8,0,27151.8,0,5
RouteID_178dc71f-33fd-44d5-a0d2-2927099bc95e,103,25495.4,0,25091.7,0,26089.5,0,3
RouteID_4e957c42-bcfd-47ea-90a0-f0d2b361cbad,134,24866.0,2,24639.4,0,24308.4,0,3
RouteID_84ce8289-7bc8-440a-bc04-3d1f027a07c2,169,29137.1,0,27571.8,0,28292.1,0,3
RouteID_439dfa62-eb8c-47b1-9b28-af165863dff2,112,26858.7,1,26636.2,0,27358.9,0,4
RouteID_1548013c-d336-4c74-85f4-520ef48d5361,136,28953.7,0,27696.8,0,27957.3,4,4
RouteID_a42a61cc-e70f-47a1-ab7d-58c1449171a7,93,28794.9,1,28376.1,0,29075.5,0,4
RouteID_3552afd7-508a-4c67-992b-7716e297c97d,124,28167.3,4,28924.5,0,29206.6,2,5
RouteID_1e973c83-dd32-4626-80e9-df51e737369f,109,24789.2,2,26099.1,0,24936.2,0,4
RouteID_474fd8e0-c4c4-4fbd-9823-b9b2184cd73d,136,30639.9,9,30680.7,0,30914.6,0,4
RouteID_387bb16e-0c56-406b-87e2-a706a8663ce8,147,23650.5,2,23636.5,0,23919.2,2,3
RouteID_9502e266-ba8b-4adf-9c9c-4df398732b3e,168,29624.5,4,30112.9,0,29349.1,1,4
RouteID_fa706f44-d014-4ded-b967-b2b100eb4c23,145,26208.9,6,26107.5,0,26770.9,3,5
RouteID_c57db90a-bf26-4897-acd2-23ef07678788,144,31702.8,4,32048.3,0,30528.8,0,5
RouteID_f8bcfca4-1e8f-4b4a-90ce-6702bd6dda9b,184,26122.6,0,25354.1,0,25466.1,0,3
RouteID_75ce278b-c891-4678-be9b-2cc53377e03e,159,29897.5,8,29066.2,0,30600.9,1,4
RouteID_f0e76870-9adb-49be-92ff-27c2dae92baf,187,28730.6,0,28170.8,0,27867.2,0,5
RouteID_7f1e0139-d317-46f5-93d6-64e9670b8c40,105,25039.9,1,23730.7,0,25324.8,1,4
RouteID_576b2920-da3a-4a68-bcaf-ab98e3449b38,189,24738.3,0,24128.2,0,27186.5,2,4
RouteID_1102698e-232b-46cb-b52f-ec3f97a11dbe,117,29798.4,1,27054.5,0,30464.7,0,4
RouteID_9fa42c2e-7af2-4f7d-a6c9-476ef067ef4a,190,30708.0,3,30658.2,0,29274.4,0,4
RouteID_d248666b-e521-4a81-b13f-31783190c4a7,163,31645.6,3,30070.8,0,30190.2,2,5
RouteID_a3108d6f-1ea5-404b-b30e-ef66f1a29dc9,172,24623.0,0,23799.3,0,23891.4,0,6
RouteID_d04aacb5-b7ea-4ece-a83c-1e32c6969c10,149,27772.4,2,25843.9,0,27704.3,0,4
RouteID_5e8013c7-7778-467e-88c6-e78dce2b7c76,154,28762.0,1,26750.3,0,27610.6,0,4
RouteID_2a4bf2a2-524b-4c25-b1aa-7352e271a73d,100,26924.8,0,26586.2,0,26731.3,0,5
RouteID_305e0b41-5d58-49ae-8ea2-1a46f4f0adfc,123,27767.3,0,26607.0,0,26901.4,2,6
RouteID_34c6f9ec-7801-4c31-a828-badcf539b5a3,153,27515.4,1,26424.4,0,28098.7,0,3
RouteID_c63995d7-c1d8-4e4b-be7e-eaa0523b1c99,125,32472.1,0,30431.6,0,32469.7,0,6
RouteID_7063dcdc-b9ec-4503-8354-21bcbce94498,113,30998.4,2,29364.5,0,30227.1,0,4
RouteID_ea157aa5-eb7b-4d17-8229-0b6f207511ab,165,24267.5,1,23587.7,0,23910.5,0,4
RouteID_47c9ed8a-a4e7-42ca-8358-236fd06e9f59,130,29095.9,4,28547.3,0,28720.3,2,5
RouteID_07957d30-aa6d-4214-8014-dc224d1178d4,123,28439.8,3,27410.3,0,28472.5,0,6
RouteID_028a010c-c9a5-4945-b6e6-953da1eab12b,123,26199.7,2,26397.9,0,25794.9,0,5
RouteID_5a571cc7-0a75-423d-be9c-0f7cea4ba743,135,23920.9,1,22444.1,0,23433.2,0,4
RouteID_6bc40959-1be8-4a10-af24-264656de7fab,149,28029.4,0,27221.4,0,28343.7,1,4
RouteID_27457d8b-d66e-4520-beaa-3154429be0af,161,28243.1,0,27214.7,0,27979.7,0,4
RouteID_c31dc377-1a2c-4715-9c91-ffa7bacb7a7d,151,30713.6,3,28568.4,0,29841.9,1,5
RouteID_a32e9c81-4cdf-429f-8def-1b11a0abf130,171,30075.0,0,28697.5,0,29041.0,0,4
RouteID_26f77562-2448-4590-8be2-3c71efcfecc7,143,26202.8,0,25414.3,0,25637.9,0,7
RouteID_37616121-eed8-432f-bea5-da4355844ad5,149,29076.4,2,29054.5,0,28454.4,2,4
RouteID_68f23e25-b821-4894-b4ed-6b94507c6f33,150,26405.3,1,25111.1,0,25591.0,1,5
RouteID_80750a0d-b4e0-44d4-a7ea-7b232ca1bcfd,173,28663.9,0,28204.2,0,27088.3,0,3
RouteID_23eadc26-b151-45a4-ab63-2ce89356fe34,146,26745.4,5,27408.7,0,26399.9,3,4
RouteID_fe17ba21-18a7-4084-af19-04b7a6d8644a,143,26710.6,0,25461.4,0,26734.7,0,4
RouteID_b5797303-ca99-47b8-bb8c-a9b41de4e734,130,25908.1,0,24149.7,0,25127.2,0,6
RouteID_603c0c32-083f-46c6-8fb1-6912811af9d0,158,32474.3,3,31344.0,0,31199.2,0,4
RouteID_917b4ad6-10d4-4349-b8df-8e0fe4339d0b,120,24042.0,0,23988.1,0,23517.8,0,2
RouteID_61005305-96d1-4b7e-a4a8-322c03924993,120,27372.6,17,27350.4,0,27807.2,1,5
RouteID_1d2c080b-ab50-4789-91ab-a094091b9124,153,31097.2,4,30974.3,0,30813.8,2,4
RouteID_db1b7529-4f70-4229-b009-24a3b1ae6101,142,28834.1,3,28650.3,0,29078.8,0,4
RouteID_47afeff8-d7b2-4f18-9858-fe337950aa2b,183,28106.0,4,26586.3,0,26526.3,2,4
RouteID_4158b0b8-1bbd-4526-8fec-a661557b6548,170,29524.0,4,28877.1,0,29664.7,0,4
RouteID_195c1c1b-dd95-4792-a061-d001edeafdf4,175,31544.4,0,30670.5,0,29927.9,1,4
RouteID_8885adc1-4291-42c1-bc0b-2ccc2b28b6d6,132,26745.4,0,25576.6,0,26832.7,0,3
RouteID_74a0d89b-f0fd-41d2-9e58-0816928f2800,177,28820.7,3,29551.2,0,29410.9,3,4
RouteID_d5a8a0d8-dfa6-43d6-bcc8-609498516b63,138,27367.0,5,27437.3,0,27535.4,3,4
RouteID_bd3efbfc-f69d-4310-88e4-2490ee337f76,142,29325.0,0,27956.3,0,29328.0,2,5
RouteID_cc6321cb-27ec-463d-85ed-e6e0e9b44644,156,27561.9,2,27043.2,0,27095.8,0,5
RouteID_26bb5fb7-7e66-412c-8e16-7044981e803d,153,25874.8,1,24331.8,0,25581.9,0,4
RouteID_7520b1df-2c96-4f31-b9c5-92aa7384cf3f,169,24874.1,8,23621.0,0,24216.6,0,5
RouteID_a5b2af85-b1bd-4746-b7e5-18e0fb9bd738,149,30552.1,1,29631.9,0,29318.9,0,5
RouteID_e4ec246f-ada3-463f-9827-2eb024582b38,63,25442.1,1,24699.0,0,26102.7,1,5
RouteID_b35ef5a3-56e3-4509-bfcf-ab92a7becdb7,214,31684.4,1,31044.3,0,31032.5,0,4
RouteID_e6116172-3f7a-48d1-9d6a-fd7d5c53cfeb,145,26767.3,2,26638.5,0,27168.5,1,3
RouteID_64cebba9-7c42-4e18-96d5-98dc847f736a,147,25651.7,2,24374.2,0,25087.0,0,5
RouteID_603e83cc-2971-47a7-8595-ad2b14c394b4,118,28441.8,0,26947.8,0,26914.8,1,5
RouteID_93ccb968-fe5f-45ab-9dab-2962643af1c4,115,26706.0,0,26567.3,0,26181.0,0,2
RouteID_41b37a38-8fd0-4ab8-82c4-3e9bc30ef185,141,22934.3,0,22140.4,0,22737.5,2,3
RouteID_d6e947cd-eb60-423e-bb08-2602c2f5f79e,188,26380.8,0,24617.4,0,25431.7,0,3
RouteID_f2191eca-9fab-4b77-9085-94bf46450651,127,21831.5,18,21774.6,0,22526.2,0,5
RouteID_2e96cb20-82ad-4765-88c1-d410fc3fd49f,163,25019.5,3,26108.2,0,24352.9,0,4
RouteID_360a34bb-36b1-437f-90ff-7cd9da1518c7,106,27578.6,19,26582.6,0,26956.0,0,4
RouteID_4a55ad0d-d039-4c05-b5e7-78b7bba78c3d,125,31086.1,0,28560.1,0,30653.3,1,4
RouteID_d3dfbf2e-1a97-416c-b2de-f8165e24e30a,179,29148.9,0,28574.0,0,28192.5,0,4
RouteID_0f6698fc-5c29-4f27-86a3-e6a22c8051ca,144,29578.0,0,28448.3,0,29308.1,0,5
RouteID_f930c74c-e6c2-4c57-9e72-8227d168faa0,144,28395.5,0,27591.0,0,28685.2,1,3
RouteID_ac733380-9df5-491e-8b99-3b64039123a7,193,26558.0,1,26126.8,0,25370.2,1,4
RouteID_d1390cd0-5f7c-4127-9ba9-448d9d1a4ead,165,28455.7,0,27969.5,0,28795.0,0,4
RouteID_9eb672ca-8440-49df-8e2a-3ddd9ab0a10d,178,31916.2,0,30572.2,0,31414.0,0,5
RouteID_a1110bac-508c-4f26-9b43-e88674c4f15b,176,29766.8,5,29849.6,0,29097.0,0,6
RouteID_17778105-3f00-4941-8532-6b37c9eb462a,165,31743.4,1,31084.3,0,31260.5,1,4
RouteID_1459297d-63a1-4b7e-bc20-de002b255754,127,23444.4,0,22340.1,0,23047.5,0,3
RouteID_c43a5dfd-476a-4437-bea5-93a41495f922,98,19512.1,0,18183.3,0,19014.3,0,6
RouteID_a7728fdd-aa20-4129-bbba-dbff8ca270ee,150,29508.9,0,26471.2,0,28182.1,0,6
RouteID_3c476cef-0e22-4347-88b4-6106925cd689,165,27162.3,0,26218.0,0,26798.9,0,4
RouteID_5a496d4d-0bc3-4316-8fa8-f2db72c4fc9f,180,28230.9,0,27030.3,0,27551.5,0,5
RouteID_8fbf3282-5e52-4cc0-80c9-29c0e9d533c3,136,26754.2,0,26413.5,0,25646.6,0,3
RouteID_54bce2b9-20bc-42eb-85da-391874835204,163,29015.0,0,27918.9,0,28520.3,0,5
RouteID_5bf303a5-7013-4272-a70c-e0b61e03afeb,150,32686.4,0,30762.1,0,32242.8,1,5
RouteID_e164e0c7-979e-4645-83df-ea3f213578de,167,26700.1,0,25813.9,0,25979.8,0,3
RouteID_a549f09e-e807-4adf-8715-4fdda825dd88,148,25245.1,0,24735.1,0,25947.0,0,3
RouteID_32560369-e517-4c2e-9aa0-046417dab413,115,25481.0,0,25079.2,0,25349.8,0,5
RouteID_66c0b57e-d9c3-4417-9f75-bd309e9a491f,155,26745.1,1,25996.0,0,25767.5,0,4
RouteID_0812f2e0-9345-4952-9996-984fc1513006,133,23114.4,3,22481.6,0,22377.6,1,4
RouteID_cd7fdac4-a028-47f9-8614-3b2047916ede,174,27294.0,11,34045.5,0,29027.2,5,5
RouteID_d3f87589-084c-4b28-aa52-d355a5bb3132,171,27718.6,3,27121.1,0,27376.3,1,4
RouteID_db3c0395-e7bd-43fc-9ec1-7fe9a4e8cc30,143,26966.4,0,25720.0,0,26871.0,0,3
RouteID_07dd133b-23f7-4a97-8882-d97ed2c0058d,140,25494.0,0,22768.3,0,25466.0,1,4
RouteID_84ce46b1-9771-4d89-ae96-45baa6b49234,83,24542.1,1,26125.8,0,25620.9,0,5
RouteID_e9c65713-b13e-42e3-82b0-2e8a86c658f2,158,25030.8,12,24587.8,0,24875.6,1,4
RouteID_098b1a3e-859b-436a-b116-5357677706b1,135,30975.0,17,30996.8,0,30828.3,3,5
RouteID_3abb8cde-e4a3-4fa9-80d5-d711d2006afe,124,20388.6,1,20343.6,0,20285.3,1,5
RouteID_2b1615e2-8fdd-4de2-86c5-5b56f663d539,163,21857.8,0,21460.8,0,21921.8,0,4
RouteID_6e586120-b544-438c-8698-6a7eb57c2a1f,152,28740.9,0,27440.6,0,27873.8,1,3
RouteID_9c47ed58-6026-488d-8fb3-781a15369241,149,21458.2,1,21554.4,0,21916.4,0,4
RouteID_2b654a90-82cd-457b-aa02-80093faece3a,158,28674.7,13,29180.8,0,28628.4,7,6
RouteID_1514544b-2828-4cdc-ad5e-7f30d4003a23,204,33505.9,0,31747.2,0,32391.3,0,4
RouteID_b84132b5-928f-426d-a93f-c1f51fe8a2e8,147,25197.1,0,24824.7,0,25486.6,0,4
RouteID_a39a342b-ca9c-4f2b-ba89-d2e4aeb282c6,187,33157.9,1,30306.0,0,30973.9,2,7
RouteID_4980361c-9672-43d5-9097-ca7d66cdb83b,81,25218.6,0,24533.8,0,25211.5,3,4
RouteID_cec75b39-c868-4f78-b615-a7ac47476d45,125,25952.8,2,24405.6,0,25074.7,7,4
RouteID_516c0fc6-77df-4bfb-a0c8-f88a53072256,111,24758.7,1,25750.9,0,25196.5,0,3
RouteID_85fec008-983a-404c-9b00-17889bd28234,194,28925.2,7,29188.0,0,29868.0,3,4
RouteID_a5629ad3-ca22-472a-9a79-ea7bb72bcf7d,93,25924.4,0,24895.9,0,26471.9,0,3
RouteID_a2b555c0-3b82-4253-8f57-8bdfe9615587,100,19925.3,1,19008.5,0,20149.0,1,6
RouteID_b9825940-2bbf-4356-8d61-1d1339c9070c,103,24067.1,0,23389.8,0,23864.1,0,3
RouteID_665ffac7-069e-4f5b-9a33-6f6a2e6c2c1b,156,23457.3,1,23208.0,0,24005.5,1,4
RouteID_f1566ecc-d1f9-4bbd-a8c2-c184e35229e4,75,29199.2,0,27702.8,0,29274.7,0,3
RouteID_a95a674a-74c2-4e78-a3c6-b4eba6485ebd,156,25895.8,1,25532.7,0,25012.8,3,4
RouteID_2112d837-cf95-464d-bea4-7656648007b5,108,21351.6,2,21179.6,0,21437.9,0,5
RouteID_41124cef-9057-4484-817a-9f26d7f25d85,87,22530.8,0,21792.3,0,22559.2,0,4
RouteID_0f992c30-7f91-45b6-ad2e-e95bf685dd94,134,25193.7,0,24257.6,0,25291.1,0,6
RouteID_dc928e92-3410-4362-af11-4a0a82b3ff66,178,28007.6,1,27516.3,0,26949.8,0,3
RouteID_68cec835-c697-41c1-91b9-a080cff5debf,125,26501.4,0,25717.0,0,26687.1,0,4
RouteID_0157f4f0-2c0d-4d24-82a8-71230416bf1c,72,25148.2,1,28251.6,0,26267.9,0,3
RouteID_17101589-dd43-4a1c-89ad-9e5918ff0649,109,22313.1,0,20946.5,0,22435.4,0,6
RouteID_1f9c0f09-90f0-432f-9d9d-4c8a682d9253,94,30985.9,2,31249.2,0,32095.2,0,4
RouteID_6017f7e8-369e-44e5-bd52-7e71e2aeb570,172,25880.2,0,25184.6,0,24567.1,0,3
RouteID_70493eef-bfcb-4e38-8664-b2a070e24749,157,28189.8,1,27662.4,0,27614.6,0,4
RouteID_33400281-e8fc-439e-b550-045ecb5d5d60,141,23429.8,5,23198.0,0,22706.7,2,3
RouteID_848cd9f4-b950-4a8d-abf7-162a7867056e,134,23085.1,0,22779.8,0,23223.1,0,4
RouteID_5ba1c887-0fd1-4b4c-b7d8-500940287806,147,30516.1,1,28957.4,0,30310.7,1,4
RouteID_02b60f05-f339-4707-9eaa-bd114aefea39,119,25601.8,0,25247.2,0,26637.6,0,2
RouteID_10024d74-e0b7-40d3-86b1-996ece1d15fc,93,27520.6,4,27518.5,0,27359.0,0,4
RouteID_5eccbcab-30b7-4a2f-a712-001c91327508,155,30061.1,0,29060.9,0,30055.3,0,4
RouteID_763de3b7-15c7-43de-af9d-9d5a3e43595e,137,29277.6,0,28065.7,0,29467.0,0,4
RouteID_d01e1e9f-bb7d-4d95-87f4-c63cfd2f3a0a,150,26586.8,2,26104.8,0,26148.1,0,3
RouteID_dd2f1f03-96e3-4db8-b169-9604a7126b35,90,26351.8,0,25032.4,0,26613.6,0,4
RouteID_6e062355-979c-4a88-ae80-37930aed83a4,114,27499.1,0,25077.2,0,28287.1,0,4
RouteID_ee6e7947-0cd7-4dbc-bfa8-76e5a02c7b35,158,28238.9,1,27502.2,0,27758.7,0,4
RouteID_936eea3d-24e4-44f0-b92f-9ac637f0e46d,158,28274.3,1,28474.2,0,27176.0,1,4
RouteID_ad3bdd09-a158-466e-8bac-59678583f70c,167,26723.6,1,26703.4,0,27097.1,0,3
RouteID_69371147-15a1-4e25-87bc-12be04447909,127,26224.7,3,25219.3,0,25628.4,0,4
RouteID_e90fe5e6-76b2-47f6-83c6-874543fe7dc6,84,23618.2,1,23002.0,0,23445.9,0,5
RouteID_3567e694-8715-4064-86eb-042254a67a7f,156,27914.9,4,26871.4,0,27691.2,1,6
RouteID_538b2dc3-30d8-453b-b3a1-a9ad6d620031,173,25610.1,0,24503.2,0,25013.8,0,3
RouteID_70960728-d0c1-413a-aad4-eb34f807ba75,170,28210.9,0,27607.4,0,27218.0,0,4
RouteID_ef6e3889-fb35-4254-a367-5079d881a318,124,27165.7,0,25864.2,0,25761.2,0,5
RouteID_2b1e310d-4fe0-4832-aea6-001d7db0e5e6,133,27029.5,0,26508.0,0,26452.7,0,3
RouteID_c36a041d-5696-4803-bfbf-d0c0c78b2056,129,22480.4,5,22222.0,0,22554.2,0,4
RouteID_47ad9422-08c1-4ba0-a135-10cd9433b302,142,27371.9,2,27605.0,0,26362.3,0,4
RouteID_a44c08be-1a04-4b84-89c0-4d4f85aafa70,82,21581.2,0,20620.8,0,21581.6,0,4
RouteID_32312e61-aafb-40c0-9ffd-b90c202da598,189,31742.2,0,30885.7,0,30821.3,1,4
